phenotype,ICD10_control_exclude,ICD10_case_include,ICD9_control_exclude,ICD9_case_include
Abdominal aortic aneurysm (AAA), E105 | E115 | E145 | I250 | I670 | I70 | I700 | I701 | I702 | I708 | I709 | I710 | I711 | I712 | I715 | I716 | I718 | I719 | I72 | I720 | I721 | I722 | I723 | I724 | I728 | I729 | I73 | I730 | I731 | I738 | I739 | I74 | I740 | I741 | I742 | I743 | I744 | I745 | I748 | I749 | I77 | I770 | I771 | I772 | I773 | I774 | I775 | I776 | I778 | I779 | I78 | I780 | I788 | I789 | I790 | I791 | I792 | I798 | K55 | K550 | K551 | K558 | K559 | M052 | M30 | M300 | M301 | M302 | M303 | M308 | M310 | M311 | M312 | M313 | M314 | M315 | M316 | M318 | M319 | Q273 | I774 | M318 | I770 | I773 | I775 | I7789 | I778 | I77 | I772 | Q273 | M319 | I779 | I748 | I7411 | I74 | I742 | I745 | I749 | I7777 | I777 | I7773 | I7776 | I7775 | I7774 | I7770 | I7779 | I670 | I7771 | I7772 | I791 | I798 | M302 | M317 | M308 | M300 | I70743 | I70728 | I70302 | I70569 | I7042 | I70532 | I70223 | I7031 | I70648 | I70528 | I70411 | I70443 | I70599 | I70429 | I70631 | I70398 | I70368 | I70518 | I70445 | I70548 | I70542 | I70523 | I70535 | I70512 | I7072 | I70468 | I70645 | I70639 | I70621 | I70541 | I7056 | I70361 | I7075 | I70538 | I70434 | I70422 | I70208 | I70662 | I70533 | I70201 | I7076 | I70311 | I70313 | I70498 | I70492 | I70318 | I70209 | I70731 | I70693 | I70338 | I70521 | I7092 | I70768 | I70444 | I70508 | I7060 | I7049 | I70609 | I70591 | I70342 | I70221 | I70769 | I70343 | I70328 | I70321 | I70421 | I7069 | I7036 | I7052 | I7035 | I70298 | I70692 | I70744 | I70669 | I70634 | I7030 | I70413 | I70661 | I70408 | I70369 | I7079 | I70702 | I70339 | I70299 | I70628 | I70735 | I7046 | I70292 | I70229 | I70291 | I70428 | I70622 | I70663 | I70322 | I70749 | I70442 | I70745 | I70644 | I70799 | I70323 | I70791 | I70729 | I70721 | I7045 | I70401 | I70461 | I70423 | I70402 | I70563 | I70708 | I70763 | I70619 | I7070 | I70719 | I70348 | I70713 | I7022 | I70392 | I70334 | I70503 | I7062 | I70608 | I70344 | I70701 | I70319 | I70519 | I70703 | I70534 | I70632 | I70742 | I70738 | I70549 | I70412 | I7040 | I70529 | I70293 | I70543 | I70718 | I70623 | I70301 | I7061 | I70712 | I70633 | I70643 | I70329 | I70409 | I70668 | I70341 | I70509 | I70792 | I7050 | I70449 | I70545 | I70332 | I70335 | I70491 | I70439 | I70469 | I70203 | I70613 | I70723 | I70602 | I70308 | I70748 | I70635 | I70391 | I70561 | I70501 | I70432 | I70568 | I70493 | I70592 | I70761 | I70502 | I70601 | I7032 | I70798 | I70418 | I70511 | I70435 | I70441 | I70433 | I70638 | I70711 | I70393 | I70709 | I7051 | I70499 | I70312 | I70362 | I70539 | I70448 | I70531 | I7020 | I7039 | I70762 | I70629 | I70345 | I70593 | I70722 | I70222 | I70513 | I70734 | I7071 | I70733 | I70642 | I70739 | I7029 | I70309 | I70419 | I70611 | I70612 | I70228 | I70699 | I70732 | I702 | I7065 | I70603 | I70598 | I70698 | I70649 | I70399 | I70303 | I70403 | I7041 | I70438 | I70431 | I70349 | I70618 | I7059 | I70562 | I70331 | I70544 | I70363 | I70202 | I70333 | I7055 | I70793 | I70522 | I7066 | I70463 | I70741 | I70641 | I70691 | I70462 | M311 | I701 | K559 | K558 | I729 | I72 | I70 | I708 | I7091 | I7090 | I77811 | I77819 | I77812 | I77810 | I7781 | I776 | M30 | M312 | I75021 | I75023 | I750 | I7501 | I7502 | I758 | I75013 | I75 | I7589 | I75022 | I75029 | I75011 | I75012 | I75019 | I7581 | I700 | M301 | M313 | M3131 | M3130 | I723 | I724 | I7389 | I738 | I7381 | I73 | I744 | I743 | I720 | I721 | I722 | I728 | I726 | M314 | D4701 | I780 | I788 | I78 | I789 | I771 | I7301 | I7300 | I730 | I7401 | I7409 | I740 | I7419 | I7410 | I70262 | I70249 | I70263 | I70244 | I70231 | I70241 | I70248 | I70232 | I70261 | I70269 | I70242 | I7025 | I7026 | I70245 | I70235 | I70239 | I70268 | I70238 | I70234 | I70233 | I70243 | M315 | M316 | I70212 | I7021 | I70218 | I70211 | I70219 | I70213 | I739 | K55029 | K55061 | K55049 | K55031 | K5503 | K5502 | K55012 | K55021 | K550 | K55019 | K55052 | K55059 | K55039 | K55042 | K5506 | K55041 | K5505 | K5504 | K55062 | K5501 | K55069 | K55032 | K55051 | K55022 | K55011 | I711 | I715 | I7100 | I710 | I7103 | I7101 | I716 | I719 | I712 | I718 | I7102 | I790 | I731 | K551 | M303 | M310 , I713 | I714 | I713 | I714 , 440 | 4400 | 4401 | 4402 | 44020 | 44021 | 44022 | 44023 | 44024 | 44029 | 4403 | 44030 | 44031 | 44032 | 4404 | 4408 | 4409 | 441 | 4410 | 44100 | 44101 | 44102 | 44103 | 4411 | 4412 | 4415 | 4416 | 4417 | 4419 | 442 | 4420 | 4421 | 4422 | 4423 | 4428 | 44281 | 44282 | 44283 | 44284 | 44289 | 4429 | 443 | 4430 | 4431 | 44310 | 4432 | 44321 | 44322 | 44323 | 44324 | 44329 | 4438 | 44381 | 44382 | 44389 | 4439 | 444 | 4440 | 44401 | 44409 | 4441 | 4442 | 44421 | 44422 | 4448 | 44481 | 44489 | 4449 | 445 | 4450 | 44501 | 44502 | 4458 | 44581 | 44589 | 446 | 4460 | 4461 | 4462 | 44620 | 44621 | 44629 | 4463 | 4464 | 4465 | 4466 | 4467 | 447 | 4470 | 4471 | 4472 | 4473 | 4474 | 4475 | 4476 | 4477 | 44770 | 44771 | 44772 | 44773 | 4478 | 4479 | 448 | 4480 | 4489 | 557 | 5570 | 5571 | 5579 , 4413 | 4414 
Acute appendicitis (AcApp), K36 | K37 | K38 | K380 | K381 | K382 | K383 | K388 | K389 | K37 | K36 | K383 | K388 | K382 | K380 | K389 | K38 | K381 , K35 | K350 | K351 | K359 | K353 | K3589 | K352 | K3580 | K35 | K358 , 540 | 541 | 5410 | 542 | 543 | 5430 | 5439 , 5400 | 5401 | 5409 
Acute lymphoid leukemia,"", C910 | C912 | C913 | C916 ,"", 2040 
Adenomyosis, N801 | N802 | N803 | N804 | N805 | N806 | N808 | N809 , N800 , 6171 | 6172 | 6173 | 6174 | 6175 | 6176 | 6178 | 6179 , 6170 
Age-related macular degeneration,"", H353 | 3625 ,"", 3625 
AL amyloidosis,"", E859 ,"",""
Alcohol use disorder,"", F1010 | F10120 | F10121 | F10129 | F1014 | F10150 | F10151 | F10159 | F10180 | F10181 | F10182 | F10188 | F1019 | F1020 | F1021 | F10220 | F10221 | F10229 | F10230 | F10231 | F10232 | F10239 | F1024 | F10250 | F10251 | F10259 ,"", 305 | 30501 | 30502 | 30503 | 303 | 30301 | 30302 | 30303 | 3039 | 30391 | 30392 | 30393 
Alopecia Areata,"", L639 ,"", 70401 
Anorexia nervosa,"", F500 | F501 ,"", 3071 
Aortic stenosis, Q20 | Q21 | Q22 | Q23 , I350 , 746 | 747 , 4241 
Asthma (Asthma), J40 | J41 | J410 | J411 | J418 | J42 | J43 | J430 | J431 | J432 | J438 | J439 | J44 | J440 | J441 | J448 | J449 | J47 | J441 | J44 | J440 | J471 | J479 | J470 | J47 | J432 | J430 | J431 | J438 | J439 | J43 | J40 | J418 | J42 | J411 | J410 | J41 | J9801 | J449 , J45 | J450 | J451 | J458 | J459 | J46 | J4531 | J45901 | J4542 | J4541 | J4551 | J45990 | J45902 | J4521 | J4552 | J4532 | J4522 | J45909 | J45998 | J4540 | J4520 | J45 | J45991 | J4590 | J4530 | J4550 , 490 | 491 | 4910 | 4911 | 4912 | 49120 | 49121 | 49122 | 4918 | 4919 | 492 | 4920 | 4928 | 494 | 4940 | 4941 | 496 | 51911 , 493 | 4930 | 49300 | 49301 | 49302 | 4931 | 49310 | 49311 | 49312 | 4932 | 49320 | 49321 | 49322 | 4938 | 49381 | 49382 | 4939 | 49390 | 49391 | 49392 
Atopic diseases,"", L20 ,"",""
Atrial Fibrillation,"", I48 | I480 | I481 | I482 | I484 | I484 | I489 ,"", 4273 
Attention-deficit/hyperactivity disorder (ADHD), F20 | F21 | F22 | F23 | F24 | F25 | F28 | F29 | F30 | F31 | F32 | F33 | F34 | F38 | F39 | F70 | F71 | F72 | F73 | F78 | F79 | F500 | F5000 | F5001 | F5002 | F840 | F841 | F845 | F848 | F849 | F90 | F900 | F901 | F902 | F908 | F909 , F90 | F900 | F901 | F902 | F908 | F909 , 295 | 2950 | 2951 | 2952 | 2953 | 2954 | 2955 | 2956 | 2957 | 2958 | 2959 | 296 | 2960 | 2961 | 2962 | 2963 | 2964 | 2965 | 2966 | 2967 | 2968 | 2969 | 317 | 318 | 318 | 0 | 318 | 1 | 3182 | 319 | 3071 | 2990 | 29900 | 29901 | 2998 | 29980 | 29981 | 2999 | 29990 | 29991 | 314 | 3140 | 3141 | 3142 | 3148 | 3149 , 314 | 3140 | 31400 | 31401 | 3141 | 3142 | 3148 | 3149 
Autism spectrum disorder (ASD), F20 | F21 | F22 | F23 | F24 | F25 | F28 | F29 | F30 | F31 | F32 | F33 | F34 | F38 | F39 | F70 | F71 | F72 | F73 | F78 | F79 | F500 | F5000 | F5001 | F5002 | F840 | F841 | F845 | F848 | F849 | F90 | F900 | F901 | F902 | F908 | F909 , F840 | F841 | F845 | F848 | F849 , 295 | 2950 | 2951 | 2952 | 2953 | 2954 | 2955 | 2956 | 2957 | 2958 | 2959 | 296 | 2960 | 2961 | 2962 | 2963 | 2964 | 2965 | 2966 | 2967 | 2968 | 2969 | 317 | 318 | 318 | 0 | 318 | 1 | 3182 | 319 | 3071 | 2990 | 29900 | 29901 | 2998 | 29980 | 29981 | 2999 | 29990 | 29991 | 314 | 3140 | 3141 | 3142 | 3148 | 3149 , 2990 | 29900 | 29901 | 2998 | 29980 | 29981 | 2999 | 29990 | 29991 
B-cell chronic lymphocytic leukemia,"", C911 ,"",""
Benign and in situ cervical and uterine neoplasms,"", D070 | D390 | D06 | D060 | D061 | D067 | D069 | D260 | D261 | D267 | D269 | N840 | N841 | N87 | N870 | N871 | N872 | N879 ,"", 6227 | 219 | 2190 | 2191 | 2198 | 2199 | 2331 | 2332 | 6221 | 6222 
Benign and in situ intestinal neoplasms,"", D139 | E340 | K635 | D01 | D010 | D011 | D012 | D013 | D014 | D015 | D017 | D019 | D12 | D120 | D121 | D122 | D123 | D124 | D125 | D126 | D127 | D128 | D129 | D133 | D372 | D373 | D374 | D375 | K514 | K620 | K621 | K622 | K623 ,"", 2352 | 2360 | 5690 | 2112 | 2113 | 2114 | 2303 | 2304 | 2305 | 2306 | 2307 | 610 | 6100 | 6101 | 6102 | 6103 | 6104 | 6108 | 6109 
Benign nodular goiter,"", E011 | E041 | E042 | E048 | E049 ,"", 241 | 2410 | 2411 | 2419 
Bladder cancer,"", Z8052 | Z8551 | C67 | C670 | C671 | C672 | C673 | C674 | C675 | C676 | C677 | C678 | C679 | Z126 ,"", V1051 | V1652 | V763 | 188 | 1880 | 1881 | 1882 | 1883 | 1884 | 1885 | 1886 | 1887 | 1888 | 1889 
Brain and central nervous system cancer,"", Z86011 | C70 | C700 | C701 | C709 | C71 | C710 | C711 | C712 | C713 | C714 | C715 | C716 | C717 | C718 | C719 | C72 | C720 | C721 | C722 | C723 | C724 | C725 | C728 | C729 ,"", 191 | 1910 | 1911 | 1912 | 1913 | 1914 | 1915 | 1916 | 1917 | 1918 | 1919 
Breast cancer,"", C50 ,"",""
Brugada syndrome,"", I498 ,"",""
Bulimia nervosa,"", F502 | F503 | F504 | F505 ,"", 30751 | 30754 
Bullous pemphigoid,"", L120 ,"",""
Cardiogenic shock,"", R570 ,"",""
"Cardiomyopathy(hypertrophic, obstructive) (HCM)", A395 | B332 | B376 | I010 | I011 | I012 | I088 | I089 | I090 | I092 | I30 | I300 | I301 | I308 | I309 | I31 | I310 | I311 | I312 | I313 | I318 | I319 | I32 | I320 | I321 | I328 | I33 | I330 | I339 | I38 | I40 | I400 | I401 | I408 | I409 | I41 | I412 | I418 | I42 | I420 | I422 | I423 | I424 | I425 | I426 | I427 | I428 | I429 | I43 | I438 | I514 | I426 | I5181 | B3320 | A395 | A3950 | I42 | I308 | I301 | I309 | M3212 | I32 | I30 | I300 | I010 | I43 | I427 | I429 | I420 | I428 | I425 | I424 | I423 | I422 | I090 | B5881 | A3681 | I012 | B3322 | I401 | A3952 | I409 | I40 | I514 | I408 | I400 | I41 | M053 | I011 | A3951 | I38 | B3321 | I339 | B376 | I330 | I33 | A3953 | B3323 | I31 | I314 | I319 | I313 | I310 | I311 | I092 | I318 | I312 , I421 | I421 , 03282 | 0364 | 03640 | 03641 | 03642 | 03643 | 0742 | 07420 | 07421 | 07422 | 07423 | 11281 | 1303 | 3910 | 3911 | 3912 | 393 | 3980 | 420 | 4200 | 4209 | 42090 | 42091 | 42099 | 421 | 4210 | 4211 | 4219 | 422 | 4220 | 4229 | 42290 | 42291 | 42292 | 42293 | 42299 | 423 | 4230 | 4231 | 4232 | 4233 | 4238 | 4239 | 4249 | 42490 | 42499 | 425 | 4250 | 42518 | 4252 | 4253 | 4254 | 4255 | 4257 | 4258 | 4259 | 4290 | 42983 , 4251 | 42511 
Central retinal vein occlusion,"", H348 ,"",""
Cervical cancer,"", Z8541 | C53 | C530 | C531 | C538 | C539 | D06 | D060 | D061 | D067 | D069 ,"", V1041 | V7232 | 180 | 1800 | 1801 | 1808 | 1809 
Chronic myeloid leukemia,"", C921 | C922 ,"", 2071 | 2051 
Chronic obstructive pulmonary disease (COPD), J40 | J45 | J450 | J451 | J458 | J459 | J46 | J4531 | J45901 | J4542 | J4541 | J4551 | J45990 | J45902 | J4521 | J4552 | J4532 | J4522 | J40 | J45909 | J45998 | J4540 | J4520 | J45 | J45991 | J4590 | J4530 | J4550 | J9801 , J41 | J410 | J411 | J418 | J42 | J43 | J430 | J431 | J432 | J438 | J439 | J44 | J440 | J441 | J448 | J449 | J47 | J441 | J44 | J440 | J471 | J479 | J470 | J47 | J432 | J430 | J431 | J438 | J439 | J43 | J418 | J42 | J411 | J410 | J41 | J449 , 490 | 493 | 4930 | 49300 | 49301 | 49302 | 4931 | 49310 | 49311 | 49312 | 4932 | 49320 | 49321 | 49322 | 4938 | 49381 | 49382 | 4939 | 49390 | 49391 | 49392 | 51911 , 491 | 4910 | 4911 | 4912 | 49120 | 49121 | 49122 | 4918 | 4919 | 492 | 4920 | 4928 | 494 | 4940 | 4941 | 496 
Chronic Renal Failure,"", N18 ,"", 5859 
Coffin-Siris syndrome,"", Q871 ,"",""
Colon and rectum cancer,"", C20 | Z86010 | C18 | C180 | C181 | C182 | C183 | C184 | C185 | C186 | C187 | C188 | C189 | C19 | C21 | C210 | C211 | C212 | C218 | Z121 ,"", V7641 | 153 | 1530 | 1531 | 1532 | 1533 | 1534 | 1535 | 1536 | 1537 | 1538 | 1539 | 154 | 1540 | 1541 | 1542 | 1543 | 1548 
Coronary artery disease,"", I210 | I211 | I212 | I213 | I214 | I219 | I220 | I221 | I222 | I228 | I229 | I230 | I231 | I232 | I233 | I234 | I235 | I236 | I237 | I238 | I241 | I252 ,"", 410 | 4109 | 411 | 4119 | 412 | 4129 
Corpus callosum agenesis-neuronopathy syndrome,"", G600 ,"",""
Eating disorders,"", F50 | F500 | F501 | F502 | F503 | F504 | F505 | F508 | F509 ,"", 3071 | 3075 | 30750 | 30751 | 30752 | 30753 | 30754 | 30755 | 30759 
Endocarditis,"", B3321 | I33 | I330 | I339 | I38 | I39 | I390 | I391 | I392 | I393 | I394 | I398 ,"", 07422 | 424 | 421 | 4210 | 4211 | 4219 | 4249 
Endometriosis, N800 , N801 | N802 | N803 | N804 | N805 | N806 | N808 | N809 , 6170 , 6171 | 6172 | 6173 | 6174 | 6175 | 6176 | 6178 | 6179 
Esophageal cancer,"", Z8501 | C15 | C150 | C151 | C152 | C153 | C154 | C155 | C158 | C159 ,"", 150 | 1500 | 1501 | 1502 | 1503 | 1504 | 1505 | 1508 | 1509 
Essential thrombocythemia,"", D473 ,"",""
"Excess, frequent and irregular menstrual bleeding","", N92 ,"", 6262 
Familial spontaneous pneumothorax,"", C911 ,"",""
Female infertility,"", N97 | N970 | N971 | N972 | N973 | N974 | N978 | N979 ,"", 6280 | 6283 | 6284 | 6288 | 6289 
Female infertility (anatomic causes only),"", N971 | N972 | N973 ,"", 6283 | 6284 
Follicular lymphoma,"", C821 | C822 | C823 | C824 | C825 | C826 | C827 | C829 | C820 ,"",""
Gout, M110 | M111 | M112 | M118 | M119 | M679 | M118 | M11049 | M11831 | M11052 | M1107 | M1186 | M1181 | M11842 | M11849 | M1101 | M1185 | M1183 | M11852 | M11019 | M11819 | M1108 | M1105 | M11061 | M11011 | M11821 | M11069 | M11839 | M11862 | M11042 | M11812 | M1187 | M119 | M11829 | M11861 | M11879 | M11031 | M1182 | M11021 | M11051 | M1103 | M11022 | M11039 | M1104 | M1102 | M11029 | M11832 | M11041 | M11822 | M1109 | M11859 | M11811 | M11032 | M11871 | M11872 | M1106 | M11851 | M1100 | M11071 | M11079 | M1180 | M1188 | M11841 | M1189 | M11012 | M11072 | M11059 | M1184 | M11869 | M11062 | M11139 | M1117 | M11232 | M11149 | M11272 | M1129 | M11141 | M111 | M11171 | M11251 | M1118 | M11212 | M1128 | M11142 | M11269 | M11112 | M1121 | M11131 | M1113 | M11129 | M1126 | M11231 | M1111 | M11179 | M112 | M11152 | M1122 | M11279 | M1124 | M11259 | M11229 | M11161 | M11159 | M11211 | M11261 | M1123 | M11169 | M11132 | M11221 | M11122 | M1119 | M11242 | M11271 | M1112 | M11239 | M1110 | M1127 | M11219 | M1114 | M11241 | M11252 | M1116 | M1115 | M1120 | M11121 | M11249 | M11119 | M11162 | M11222 | M1125 | M11172 | M11262 | M11151 | M11111 , M10 | M100 | M101 | M102 | M104 | M109 | M1043 | M10472 | M1A9XX1 | M10461 | M10462 | M10449 | M10441 | M1040 | M10421 | M10 | M1042 | M10451 | M1A9 | M10411 | M10431 | M10459 | M10452 | M10422 | M10469 | M10429 | M1048 | M10471 | M10479 | M10412 | M1045 | M1047 | M10439 | M10442 | M10419 | M104 | M10432 | M1044 | M1049 | M1A9XX0 | M1046 | M109 | M1041 | M1A39 | M100 | M1A4291 | M1A4290 | M1A38X0 | M10139 | M1A3121 | M10049 | M1038 | M1A2611 | M1A042 | M1A029 | M1A2210 | M10041 | M10219 | M1A4511 | M1A451 | M1A212 | M1A3 | M1A221 | M1A379 | M1010 | M1A469 | M10311 | M10312 | M1A0490 | M1A4721 | M1A20X0 | M1A342 | M1A3791 | M1A412 | M1026 | M1037 | M1A0121 | M1A4790 | M1A28X0 | M1A3120 | M1A0221 | M1A039 | M1A30 | M1025 | M1A3591 | M1028 | M1A3621 | M10339 | M1A041 | M1A28 | M10052 | M10169 | M1A3310 | M1A352 | M1A271 | M1A00X1 | M1A022 | M1A29X1 | M1A0220 | M10332 | M1A49X0 | M10261 | M1A2391 | M1A4520 | M1A339 | M1A459 | M1A4610 | M1006 | M1A0791 | M1A3410 | M1A011 | M1A2490 | M10051 | M10162 | M1A079 | M1A361 | M1002 | M1A3711 | M1A3390 | M10361 | M1A461 | M10119 | M1A3411 | M1A2410 | M1A0610 | M1A429 | M1A4111 | M1A4690 | M1A38X1 | M10352 | M1A3620 | M10079 | M1A31 | M1A2720 | M1008 | M1A2120 | M1A219 | M1A2190 | M1A09 | M1A4791 | M1A0311 | M1A41 | M10141 | M1A319 | M1A3520 | M1033 | M1A20 | M1A42 | M1A2621 | M1A37 | M10269 | M1A0391 | M1A411 | M1A4211 | M1A2 | M1A4390 | M1A23 | M1A0410 | M10319 | M10372 | M1A27 | M1A4490 | M1A2690 | M1009 | M1035 | M1A331 | M1A2191 | M1A071 | M10112 | M1A222 | M1A49 | M10242 | M10122 | M1A3710 | M1A0691 | M1A4421 | M1A069 | M1A21 | M1000 | M1A0290 | M1A4491 | M1A259 | M1A0711 | M10179 | M1A2790 | M1A43 | M1A30X1 | M1A269 | M10129 | M1A231 | M1A4121 | M1A22 | M1A0611 | M1A04 | M1A341 | M1A3691 | M10232 | M1A0420 | M1A29X0 | M1A0411 | M1A33 | M1A2390 | M1A439 | M1A419 | M102 | M10342 | M1A03 | M10019 | M1A3420 | M1A47 | M1A02 | M10021 | M1A4411 | M1036 | M1A2311 | M10331 | M1A46 | M1A4311 | M10359 | M1A08X1 | M10159 | M1A08 | M1A2111 | M1A4621 | M1A4191 | M10239 | M1A0710 | M10151 | M1A0190 | M1A3421 | M1A40X1 | M10349 | M1023 | M1A311 | M10241 | M1A49X1 | M1A2211 | M1A3291 | M1A2420 | M10149 | M1A40X0 | M1A3210 | M1A0520 | M10011 | M1A48 | M1A2221 | M1A312 | M1A431 | M1A442 | M1A4320 | M10351 | M1A3391 | M1A422 | M1A4611 | M10222 | M1A39X0 | M1A2591 | M1A3610 | M1A449 | M1A321 | M10272 | M1A2291 | M10329 | M1A3721 | M1A06 | M10321 | M1A24 | M1A00X0 | M1A4321 | M1A26 | M1021 | M1A0790 | M1029 | M1019 | M1A0421 | M10031 | M1A0621 | M10131 | M10259 | M1A452 | M1018 | M1A2710 | M1A2321 | M1A39X1 | M1A3191 | M1A3321 | M1A349 | M1A332 | M1A4691 | M10069 | M1A4190 | M10032 | M1A36 | M1A3511 | M10012 | M1A2491 | M1A2110 | M1A019 | M1A2511 | M1A2310 | M1A021 | M1A232 | M10132 | M1A0591 | M1A211 | M1A0720 | M1A359 | M1A2610 | M1A0390 | M1A261 | M1A0210 | M1A48X0 | M1A4221 | M1A4410 | M1A0321 | M1030 | M1A2290 | M1A052 | M1A049 | M1A249 | M10279 | M1A3590 | M1A4310 | M1A28X1 | M10322 | M1A2520 | M1A362 | M1001 | M1A2121 | M1017 | M1A4110 | M1A2421 | M10172 | M1A0120 | M1A369 | M10029 | M1A4591 | M1A4711 | M10171 | M1A09X0 | M1A432 | M1A35 | M1A32 | M1A4120 | M1032 | M1007 | M1A2691 | M10362 | M1A279 | M1A2521 | M10231 | M10059 | M1A4391 | M1A2711 | M1A4510 | M10341 | M1A3690 | M1A2220 | M1A239 | M1A322 | M10042 | M1A0191 | M10211 | M1022 | M1A25 | M1A08X0 | M1A0721 | M1039 | M1A3611 | M1A0310 | M1A012 | M10212 | M1A3510 | M1A4710 | M1A061 | M1027 | M1A262 | M1A2510 | M1003 | M10022 | M1012 | M1A2320 | M1A479 | M10271 | M1004 | M1A3490 | M1024 | M1005 | M10221 | M1A251 | M1A272 | M1A329 | M1A3521 | M1A372 | M1A0291 | M1A062 | M1A2791 | M1A09X1 | M10062 | M1A3311 | M10229 | M1A0690 | M1A2620 | M1A4220 | M1A051 | M10039 | M1A072 | M1A4620 | M1A3110 | M1014 | M1A3190 | M1A29 | M101 | M1A3290 | M1A4420 | M1A0 | M1A07 | M10251 | M1A34 | M10369 | M1A40 | M10249 | M1A05 | M1A0510 | M1A38 | M1031 | M10071 | M1034 | M1A471 | M10371 | M1A2721 | M1A3320 | M1A2411 | M1A20X1 | M1A0521 | M1A421 | M1A0110 | M1A3221 | M1A01 | M1A3790 | M1A0511 | M10379 | M1A0211 | M10161 | M1A252 | M1A45 | M1A3720 | M10252 | M1A441 | M1A241 | M1A4720 | M1A462 | M10142 | M10072 | M1011 | M1A3111 | M1020 | M1A4590 | M1013 | M1A4210 | M1A44 | M1A30X0 | M1015 | M1A242 | M1A059 | M1A3220 | M1A0590 | M1A0620 | M1A3211 | M1A472 | M1A48X1 | M10152 | M10061 | M1016 | M10121 | M1A0111 | M1A229 | M1A0320 | M1A032 | M1A4521 | M10111 | M1A2590 | M1A3491 | M1A0491 | M1A4 | M1A351 | M1A | M1A031 | M1A00 | M1A371 | M10262 , 712 | 7121 | 71210 | 71211 | 71212 | 71213 | 71214 | 71215 | 71216 | 71217 | 71218 | 71219 | 7122 | 71220 | 71221 | 71222 | 71223 | 71224 | 71225 | 71226 | 71227 | 71228 | 71229 | 7123 | 71230 | 71231 | 71232 | 71233 | 71234 | 71235 | 71236 | 71237 | 71238 | 71239 | 7128 | 71280 | 71281 | 71282 | 71283 | 71284 | 71285 | 71286 | 71287 | 71288 | 71289 | 7129 | 71290 | 71291 | 71292 | 71293 | 71294 | 71295 | 71296 | 71297 | 71298 | 71299 , 274 | 2740 | 27400 | 27401 | 27402 | 27403 | 2741 | 27410 | 27411 | 27419 | 2748 | 27481 | 27482 | 27489 | 2749 
Graves disease,"", E050 | E0500 | E0501 ,"", 2420 | 24200 | 24201 
Haemochromatosis,"", E831 ,"",""
Heart Failure (HF), I500 | I970 | R098 | R943 | T863 | Z941 | Z943 | R0989 | R00 | I509 | I0981 | I9779 | I97110 | I97191 | I9771 | I97130 | I97111 | I97131 | I97791 | I9789 | I97190 | I97121 | I9788 | I97120 | I97790 | I97711 | I97710 | I977 | R9430 | R9439 | R943 | I503 | I5030 | I5031 | I5033 | I5032 | I25812 | I970 | I25769 | I25760 | Z95818 | T8623 | T8639 | Z943 | I25761 | I25811 | T862 | I25750 | T863 | T8632 | T8620 | T8630 | T8622 | T86298 | Z941 | T8631 | I25768 | I25758 | Z95812 | Z95811 | T8621 | T8629 | I25751 | T8633 | T86290 | I25759 | I5020 | I5040 | I5041 | I5023 | I5042 | I5021 | I5022 | I504 | I5043 | I502 , I50 | I501 | I509 | I5082 | I5081 | I508 | I5084 | I50810 | I50812 | I5083 | I5089 | I50814 | I50 | I50811 | I501 | I50813 , 39891 | 41406 | 41407 | 428 | 4280 | 42800 | 4282 | 42820 | 42821 | 42822 | 42823 | 4283 | 42830 | 42831 | 42832 | 42833 | 4284 | 42840 | 42841 | 42842 | 42843 | 4294 | 42981 | 42982 | 785 | 7859 | 7943 | 79430 | 79439 | 99683 | 9971 | V151 | V421 | V432 | V4321 | V4322 , 4281 | 4289 
Hepatocellular Carcinoma, C221 | C24 | C240 | C241 | C248 | C249 , C220 | C222 | C227 | C228 | C229 , 1551 | 156 | 1561 | 1562 | 1568 | 1569 , 1550 | 1552 
Hypertension,"", I10 ,"", 4010 | 4011 | 4019 | I10 
Hypertensive heart disease,"", I119 | I11 | I110 ,"", 402 | 4020 | 4021 | 4029 
Hypothyroidism, E032 | E033 | E890 , E038 | E039 , 2440 | 2441 | 2443 , 2448 | 2449 
Idiopathic pulmonary fibrosis (IPF), B221 | J182 | J60 | J61 | J62 | J620 | J628 | J63 | J630 | J631 | J632 | J633 | J634 | J635 | J638 | J64 | J65 | J66 | J660 | J661 | J662 | J668 | J67 | J670 | J671 | J672 | J673 | J674 | J675 | J676 | J677 | J678 | J679 | J68 | J680 | J681 | J682 | J683 | J684 | J688 | J689 | J690 | J691 | J698 | J70 | J700 | J701 | J702 | J703 | J704 | J708 | J709 | J80 | J81 | J82 | J840 | J849 | J86 | J860 | J869 | J90 | J91 | J92 | J920 | J929 | J93 | J930 | J931 | J938 | J939 | J94 | J940 | J941 | J942 | J948 | J949 | J951 | J952 | J953 | J960 | J961 | J969 | J981 | J982 | J983 | R091 | R092 | Z991 | Z991 | Z9911 | Z9912 | Z9981 | J95850 | J86 | J9312 | J860 | J931 | J9381 | J869 | J9581 | J9311 | J9382 | J938 | J95812 | J95811 | J9383 | J930 | J93 | J939 | J690 | J811 | J182 | J953 | J95822 | J952 | J95821 | J9582 | J951 | J810 | J82 | D57811 | D57211 | D57411 | D5701 | J982 | J981 | J9811 | J983 | J9819 | R091 | J918 | J92 | J948 | J94 | J920 | J942 | J949 | J940 | J90 | J941 | J929 | J969 | R0603 | J80 | J700 | J683 | J704 | J691 | J688 | J702 | J680 | J705 | J689 | J684 | J698 | J703 | J708 | J68 | J701 | J681 | J70 | J682 | J709 | J842 | J84116 | J8411 | J84117 | J84112 | J84114 | J84113 | J84111 | J84115 | J9612 | J9600 | J9620 | J9690 | J9601 | J9610 | J9622 | J962 | J9602 | J961 | J9691 | J9692 | J9611 | J9621 | J960 | R092 | J662 | J660 | J679 | J661 | J678 | J66 | J676 | J67 | J675 | J677 | J671 | J674 | J673 | J672 | J670 | J668 | J636 | J64 | J61 | J634 | J60 | J628 | J63 | J630 | J631 | J62 | J635 | J620 | J633 | J65 | J632 | J848 | J8481 | J8409 | J84841 | J8402 | J8482 | J8483 | J84843 | J840 | J84848 | J8401 | J8403 | J849 | J84842 , J841 | J848 | J8489 | J8417 | J841 | J8410 , 495 | 4950 | 4951 | 4952 | 4953 | 4954 | 4955 | 4956 | 4957 | 4958 | 4959 | 500 | 5000 | 501 | 5010 | 502 | 503 | 504 | 505 | 506 | 5060 | 5061 | 5062 | 5063 | 5064 | 5069 | 507 | 5070 | 5071 | 5078 | 508 | 5080 | 5081 | 5082 | 5088 | 5089 | 510 | 5100 | 5109 | 511 | 5110 | 5111 | 5118 | 51189 | 5119 | 512 | 5120 | 5121 | 5122 | 5128 | 51281 | 51282 | 51283 | 51284 | 51289 | 514 | 5140 | 516 | 5160 | 5161 | 5162 | 5163 | 51630 | 51631 | 51632 | 51633 | 51634 | 51635 | 51636 | 51637 | 5164 | 5165 | 51661 | 51662 | 51663 | 51664 | 51669 | 5168 | 5169 | 5173 | 5180 | 5181 | 5182 | 5183 | 5184 | 5185 | 51851 | 51852 | 51853 | 51881 | 51882 | 51883 | 51884 | 7991 | V461 | V4611 | V4612 | V4613 | V4614 | V462 , 515 | 5150 
Immune thrombocytopenia,"", D693 ,"",""
Inflammatory bowel disease,"", K50 | K500 | K501 | K508 | K509 | K51 | K510 | K511 | K512 | K513 | K515 | K518 | K519 | K52 | K528 | K529 ,"", 5641 | 5695 | 555 | 5550 | 5551 | 5552 | 5559 | 556 | 5569 | 558 | 5589 
"Inguinal, femoral, and abdominal hernia","", K40 | K400 | K401 | K402 | K403 | K404 | K409 | K41 | K410 | K411 | K412 | K413 | K414 | K419 | K42 | K420 | K421 | K429 | K44 | K440 | K441 | K449 | K45 | K450 | K451 | K458 | K46 | K460 | K461 | K469 ,"", 550 | 5500 | 5501 | 5509 | 551 | 5510 | 5511 | 5513 | 5518 | 5519 | 552 | 5520 | 5521 | 5523 | 5528 | 5529 | 553 | 5530 | 5531 | 5533 | 5538 | 5539 
Interstitial lung disease and pulmonary sarcoidosis,"", D869 | D86 | D860 | D861 | D862 | J84 | J840 | J841 | J848 | J849 ,"", 515 | 135 | 1359 | 5159 | 516 | 5160 | 5161 | 5162 | 5163 | 5168 | 5169 
Iodine deficiency,"", E00 | E000 | E001 | E002 | E009 | E01 | E010 | E011 | E012 | E018 | E02 ,"", 2442 
Kabuki Syndrome,"", Q870 ,"",""
Kidney cancer,"", Z8051 | C64 | C65 ,"", 20924 | 189 | 1890 | 1891 
Kleefstra Syndrome,"", Q878 ,"",""
Larynx cancer,"", Z8521 | C32 | C320 | C321 | C322 | C323 | C328 | C329 ,"", V1021 | 161 | 1610 | 1611 | 1612 | 1613 | 1618 | 1619 
Leukemia,"", Z806 | Z856 | C91 | C910 | C911 | C912 | C913 | C914 | C915 | C916 | C917 | C918 | C919 | C92 | C920 | C921 | C922 | C923 | C924 | C925 | C926 | C927 | C928 | C929 | C93 | C930 | C931 | C932 | C933 | C937 | C939 | C94 | C940 | C941 | C942 | C943 | C944 | C945 | C946 | C947 | C95 | C950 | C951 | C952 | C957 | C959 ,"", V166 | 204 | 2040 | 2041 | 2042 | 2048 | 2049 | 205 | 2050 | 2051 | 2052 | 2053 | 2058 | 2059 | 206 | 2060 | 2061 | 2062 | 2068 | 2069 | 207 | 2070 | 2071 | 2072 | 2078 | 208 | 2080 | 2081 | 2082 | 2088 | 2089 | V106 
Liver cancer,"", Z8505 | C22 | C220 | C221 | C222 | C223 | C224 | C227 | C229 ,"", V1007 | 155 | 1550 | 1551 | 1552 
Liver fibrosis / cirrhosis,"", K74 ,"",""
Long QT syndrome,"", I4581 ,"",""
Lymphocytic thyroiditis,"", E063 ,"", 2452 
Male infertility,"", N46 ,"", 606 
Maternal hemorrhage,"", O622 | O20 | O200 | O208 | O209 | O432 | O44 | O440 | O441 | O45 | O450 | O458 | O459 | O46 | O460 | O468 | O469 | O67 | O670 | O678 | O679 | O72 | O720 | O721 | O722 | O723 ,"", 640 | 6400 | 6408 | 6409 | 641 | 6410 | 6411 | 6412 | 6413 | 6418 | 6419 | 6612 | 666 | 6660 | 6661 | 6662 | 6663 
Maternal hypertensive disorders,"", O10 | O100 | O101 | O102 | O103 | O104 | O109 | O11 | O12 | O120 | O121 | O122 | O13 | O14 | O140 | O141 | O142 | O149 | O15 | O150 | O151 | O152 | O159 | O16 ,"", 642 | 6420 | 6421 | 6422 | 6423 | 6424 | 6425 | 6426 | 6427 | 6429 
MODY diabetes,"", E139 ,"",""
Multiple myeloma,"", C88 | C880 | C881 | C882 | C883 | C884 | C887 | C889 | C90 | C900 | C901 | C902 | C903 ,"", 203 | 2030 | 2031 | 2038 
Multiple Sclerosis,"", G35 ,"", 340 
Myalgic Encephalomyelitis/Chronic Fatigue Syndrome (ME/CFS),"", G933 ,"",""
Myocarditis,"", D8685 | B332 | I40 | I400 | I401 | I408 | I409 | I41 | I410 | I411 | I412 | I418 | I514 | I515 | I516 ,"", 0742 | 07423 | 422 | 4220 | 4229 | 4290 | 4291 
Narcolepsy type 1,"", G474 ,"",""
Non-functioning pituitary adenoma,"", D352 ,"",""
Non-Hodgkin lymphoma,"", C82 | C820 | C821 | C822 | C823 | C824 | C825 | C826 | C827 | C829 | C83 | C830 | C831 | C832 | C833 | C834 | C835 | C836 | C837 | C838 | C839 | C84 | C840 | C841 | C842 | C843 | C844 | C845 | C846 | C847 | C848 | C849 | C85 | C850 | C851 | C852 | C857 | C859 | C86 | C860 | C861 | C862 | C863 | C864 | C865 | C866 | C96 | C960 | C961 | C962 | C963 | C964 | C965 | C966 | C967 | C968 | C969 ,"", 200 | 2000 | 2001 | 2002 | 2008 | 202 | 2020 | 2021 | 2022 | 2023 | 2024 | 2025 | 2026 | 2028 | 2029 
Non-papillary transitional cell carcinoma of the bladder,"", C672 | C673 | C674 | C675 | C676 | C677 | C678 | C679 | C671 | C670 ,"",""
Non-rheumatic valvular heart disease,"", I34 | I340 | I341 | I342 | I348 | I349 | I35 | I350 | I351 | I352 | I358 | I359 | I36 | I360 | I361 | I362 | I368 | I369 | I37 | I370 | I371 | I372 | I378 | I379 ,"", 4240 | 4241 | 4242 | 4243 
Opioid use disorder,"", F1110 | F1111 | F11120 | F11121 | F11122 | F11129 | F1114 | F11150 | F11151 | F11159 | F11181 | F11182 | F11188 | F1119 | F1120 | F1121 | F11220 | F11221 | F11222 | F11229 | F1123 | F1124 | F11250 | F11251 | F11259 | F11281 | F11282 | F11288 | F1129 ,"", 30400 | 30401 | 30402 | 30403 | 30470 | 30471 | 30472 | 30473 | 30550 | 30551 | 30552 | 30553 
Osteochondritis dissecans,"", M932 ,"",""
Ovarian cancer,"", C569 | Z8041 | Z8543 | C56 ,"", V1043 | V1641 | 183 | 1830 | 1838 | 1839 
Pancreatitis,"", K85 | K850 | K851 | K852 | K853 | K858 | K859 | K86 | K860 | K861 | K862 | K863 | K868 | K869 ,"", 577 | 5770 | 5771 | 5772 | 5778 | 5779 
Parkinson's disease,"", F023 | G20 ,"", 332 | 3320 
Peptic ulcer disease,"", K25 | K250 | K251 | K252 | K253 | K254 | K255 | K256 | K257 | K259 | K26 | K260 | K261 | K262 | K263 | K264 | K265 | K266 | K267 | K269 | K27 | K270 | K271 | K272 | K273 | K274 | K275 | K276 | K277 | K279 | K28 | K280 | K281 | K282 | K283 | K284 | K285 | K286 | K287 | K289 ,"", 531 | 5310 | 5311 | 5312 | 5313 | 5314 | 5315 | 5316 | 5317 | 5319 | 532 | 5320 | 5321 | 5322 | 5323 | 5324 | 5325 | 5326 | 5327 | 5329 | 533 | 5330 | 5331 | 5332 | 5333 | 5334 | 5335 | 5336 | 5337 | 5339 | 534 | 5340 | 5341 | 5342 | 5343 | 5344 | 5345 | 5346 | 5347 | 5349 
Peripheral artery disease,"", I700 | I702 | I703 | I704 | I705 | I706 | I707 | I709 | I739 ,"", 4400 | 4402 | 44021 | 44022 | 44023 | 44024 | 44029 | 4403 | 44031 | 44032 | 4404 | 4408 | 4439 
Placental insufficiency,"", O365 ,"",""
Polycystic ovarian syndrome,"", E282 ,"", 2564 
Polycythemia vera,"", D45 ,"",""
Preeclampsia,"", O142 | O149 | O140 | O141 ,"",""
Pregnancy Loss, O359XX0 | Q950 | Q951 | Q958 | Q959 , O0021 | O3110X0 | N96 | O2620 | 6299 | O2621 | O2622 | O2623 | Z31441 ,"", 632 | V2635 | 62981 | 6463 | 64631 | 64633 | 6473 
Primary open angle glaucoma (POAG), G453 | H17 | H170 | H171 | H178 | H179 | H18 | H180 | H181 | H182 | H183 | H184 | H185 | H186 | H187 | H188 | H189 | H192 | H31 | H310 | H311 | H312 | H313 | H314 | H318 | H319 | H32 | H320 | H328 | H33 | H330 | H331 | H332 | H333 | H334 | H335 | H34 | H340 | H341 | H342 | H348 | H349 | H35 | H350 | H351 | H352 | H353 | H354 | H355 | H356 | H357 | H358 | H359 | H36 | H40 | H400 | H402 | H403 | H404 | H405 | H406 | H408 | H409 | H42 | H420 | H428 | H44 | H442 | H443 | H444 | H445 | H448 | H449 | Z947 | H401290 | H40133 | H4010X4 | H4010X2 | H4015 | H40023 | H401223 | H401391 | H40131 | H401333 | H401324 | H40012 | H40021 | H401334 | H4010 | H40129 | H401 | H401212 | H40122 | H401224 | H4010X3 | H401234 | H4012 | H40029 | H401231 | H401312 | H401232 | H40123 | H401321 | H401230 | H4010X0 | H40019 | H401393 | H401392 | H401214 | H40139 | H401213 | H401394 | H401221 | H40022 | H401331 | H40132 | H401390 | H401291 | H401314 | H401322 | H4001 | H401211 | H40011 | H401313 | H401323 | H401293 | H40013 | H401220 | H401310 | H401233 | H40152 | H401311 | H401320 | H401292 | H401332 | H401210 | H40121 | H40153 | H401294 | H4002 | H40151 | H4010X1 | H401222 | H401330 | H4013 | H40159 | H35371 | H3537 | H35379 | H35373 | H35372 | Z947 | H401421 | H401493 | H401424 | H401423 | H401420 | H401413 | H4014 | H401491 | H40143 | H401410 | H401412 | H40149 | H401431 | H401432 | H401494 | H401490 | H401414 | H401433 | H401434 | H401492 | H401411 | H401422 | H401430 | H40141 | H40142 | H442E9 | H442B3 | H442B1 | H442C9 | H442B9 | H442D1 | H442E | H442C1 | H442 | H442E1 | H442C2 | H442D | H4421 | H442A3 | H442D3 | H442A9 | H442E2 | H4423 | H442C3 | H4420 | H442A | H442A1 | H442E3 | H4422 | H442C | H442D9 | H442B2 | H442B | H442D2 | H442A2 | H4030X1 | H4032X0 | H4053X2 | H4031 | H4052X0 | H4063 | H4042X0 | H4033 | H40051 | H40832 | H4040X2 | H409 | H4033X0 | H40041 | H40813 | H40829 | H40063 | H4041X3 | H4060X0 | H4053X0 | H4060X4 | H4042X3 | H4051X0 | H4031X2 | H40062 | H4040X4 | H4032 | H4043X0 | H4031X1 | H40002 | H4052 | H4060 | H4082 | H4030X4 | H40049 | H4031X3 | H4042 | H40009 | H4060X1 | H4053X1 | H40812 | H4033X4 | H4050X3 | H40059 | H4030X3 | H4061X1 | H4031X4 | H406 | H4052X3 | H4061 | H40831 | H40821 | H4052X4 | H4062 | H4050 | H4040X3 | H4050X0 | H4061X4 | H4032X3 | H40811 | H40833 | H4043X3 | H4042X2 | H4063X0 | H4041X2 | H4030 | H4040 | H4041X1 | H4032X2 | H4033X2 | H4006 | H4061X2 | H4053X3 | H4043X4 | H40822 | H4089 | H408 | H4033X1 | H4000 | H4053 | H4062X4 | H400 | H4050X4 | H4051 | H4050X1 | H40001 | H40003 | H4041X0 | H4060X3 | H40839 | H4051X2 | H404 | H4063X1 | H4043X2 | H4062X1 | H4061X0 | H4060X2 | H4033X3 | H4063X4 | H4052X1 | H4063X3 | H40 | H4051X4 | H40053 | H4051X3 | H4042X1 | H4081 | H4051X1 | H4040X0 | H4062X0 | H4083 | H4004 | H405 | H4030X2 | H4062X2 | H40061 | H4050X2 | H40823 | H40042 | H403 | H4063X2 | H40069 | H4005 | H4032X1 | H4030X0 | H4053X4 | H4041X4 | H4041 | H40052 | H4042X4 | H42 | H40043 | H4043X1 | H4043 | H4040X1 | H4061X3 | H4031X0 | H4052X2 | H4032X4 | H40819 | H4062X3 | H3538 | H35382 | H35389 | H35381 | H35383 | H1851 | H3500 | H3520 | H35033 | H35029 | H3521 | H35021 | H35031 | H35022 | H3502 | H35039 | H35032 | H352 | H3503 | H3523 | H3522 | H3507 | H35023 | H31 | H3142 | H31312 | H3132 | H31402 | H3141 | H31329 | H31422 | H31313 | H318 | H319 | H31322 | H3140 | H31411 | H31429 | H3131 | H31401 | H31419 | H31309 | H31413 | H31409 | H31302 | H31403 | H31423 | H31421 | H31311 | H31319 | H31321 | H314 | H313 | H31412 | H32 | H31323 | H31303 | H31301 | H3130 | H3530 | H353 | H31093 | H3100 | H31092 | H31009 | H31001 | H31022 | H3102 | H31002 | H31011 | H31029 | H31019 | H31003 | H310 | H31099 | H31013 | H3101 | H31012 | H3109 | H31023 | H31091 | H31021 | H33101 | H33109 | H33191 | H33111 | H33112 | H33119 | H33102 | H33113 | H33192 | H3319 | H33193 | H33103 | H3310 | H3311 | H331 | H33199 | H443 | H4452 | H4481 | H44811 | H44322 | H44829 | H44523 | H44522 | H02734 | H0273 | H4482 | H44311 | H44533 | H44813 | H02732 | H44819 | H44823 | H02733 | H44399 | H44822 | H44532 | H02739 | H02735 | H44321 | H44821 | H44812 | H449 | H4432 | H4453 | H445 | H44393 | H44392 | H02736 | H44521 | H448 | H02731 | H44313 | H4431 | H4489 | H4450 | H44531 | H44529 | H4439 | H44391 | H44539 | H44323 | H44312 | H4430 | H44319 | H44329 | H3516 | H35101 | H35129 | H3513 | H35109 | H35153 | H35179 | H35151 | H35133 | H35119 | H35139 | H35163 | H35152 | H35121 | H35159 | H35161 | H35169 | H35103 | H35142 | H35162 | H35113 | H351 | H35172 | H35141 | H3514 | H35143 | H35102 | H35123 | H3515 | H35131 | H35111 | H35173 | H3512 | H35112 | H3511 | H3517 | H35122 | H35171 | H35132 | H35149 | H3510 | H3570 | H35729 | H35713 | H35719 | H357 | H3572 | H35739 | H332 | H35711 | H3571 | H35732 | H35712 | H35731 | H35733 | H35722 | H35723 | H35721 | H3573 | H3340 | H33302 | H33309 | H3343 | H3330 | H3332 | H338 | H334 | H33339 | H333 | H33319 | H3331 | H33312 | H3323 | H33322 | H3341 | H3322 | H33333 | H33313 | H33311 | H33332 | H33331 | H33323 | H33303 | H33301 | H33321 | H3321 | H3342 | H33329 | H3333 | H3320 | H3545 | H3544 | H35429 | H35449 | H35451 | H35413 | H35452 | H35463 | H3546 | H35443 | H35412 | H3540 | H35421 | H35433 | H35461 | H35469 | H3542 | H35441 | H35459 | H35453 | H35432 | H35423 | H3543 | H35422 | H35411 | H354 | H3541 | H35462 | H35419 | H35439 | H35442 | H35431 | H3562 | H3561 | H356 | H3560 | H3582 | H3563 | H18429 | H1883 | H1845 | H184 | H18441 | H18421 | H18463 | H1846 | H1844 | H18462 | H1842 | H18411 | H1849 | H18452 | H18419 | H18423 | H18459 | H18412 | H1841 | H18413 | H1843 | H18469 | H18422 | H18832 | H18461 | H18449 | H18831 | H18839 | H1840 | H18451 | H18453 | H18442 | H18833 | H18443 | H1823 | H18231 | H18229 | H18221 | H18233 | H18239 | H18223 | H1820 | H18222 | H1822 | H181 | H1810 | H18232 | H1812 | H1813 | H1811 | H3111 | H3552 | H3550 | H3554 | H355 | H3551 | H3553 | H36 | H35362 | H3536 | H35363 | H35361 | H35369 | H402230 | H40033 | H402223 | H402291 | H40229 | H40241 | H4003 | H402232 | H402220 | H402222 | H402212 | H402224 | H40239 | H4023 | H402231 | H4020X1 | H40219 | H40222 | H40233 | H40223 | H40031 | H40231 | H4021 | H402214 | H40032 | H4020X3 | H402294 | H402210 | H40232 | H402213 | H402211 | H40249 | H4022 | H4020X4 | H40242 | H40243 | H402290 | H4020X2 | H402221 | H402233 | H402 | H402293 | H40212 | H4020X0 | H4024 | H4020 | H40213 | H40221 | H40039 | H402292 | H40211 | H402234 | H1861 | H1862 | H186 | H18603 | H18601 | H18611 | H18619 | H18613 | H18602 | H18609 | H18612 | H18623 | H18621 | H1860 | H18622 | H18629 | H353222 | H353213 | H35322 | H353230 | H353220 | H35323 | H353211 | H353232 | H353233 | H353212 | H35329 | H353291 | H35321 | H353293 | H353221 | H353290 | H3532 | H353210 | H353231 | H353223 | H353292 | H18732 | H18819 | H18723 | H18043 | H18069 | H18813 | H1871 | H18823 | H18791 | H18731 | H18821 | H189 | H18899 | H1832 | H1833 | H1873 | H18039 | H18822 | H1805 | H1881 | H1830 | H18793 | H18022 | H18053 | H18009 | H18029 | H18711 | H18722 | H1803 | H18052 | H18003 | H1800 | H18332 | H18739 | H18313 | H18812 | H18012 | H1821 | H18891 | H18002 | H1802 | H18331 | H18792 | H18059 | H18712 | H18019 | H18049 | H18212 | H18893 | H18219 | H180 | H18041 | H18322 | H18051 | H1879 | H1882 | H18031 | H18321 | H18 | H18811 | H18323 | H1870 | H18729 | H18721 | H18062 | H18032 | H18892 | H1804 | H18211 | H18719 | H18213 | H1801 | H18001 | H18713 | H18329 | H18013 | H183 | H18319 | H18333 | H18061 | H18042 | H1889 | H1806 | H18339 | H18011 | H18733 | H18829 | H187 | H18021 | H18033 | H18311 | H1872 | H18312 | H18063 | H18799 | H18023 | H1831 | H3581 | H1853 | H1859 | H1850 | H1855 | H185 | H1854 | H1852 | H353192 | H35311 | H353130 | H353122 | H353121 | H353120 | H353134 | H353111 | H353190 | H3531 | H35312 | H353114 | H353113 | H353191 | H353131 | H353132 | H35313 | H353112 | H353193 | H353133 | H353194 | H35319 | H353110 | H353124 | H353123 | H179 | H1712 | H17 | H1781 | H17823 | H1789 | H17813 | H1703 | H17829 | H171 | H17811 | H17822 | H178 | H1700 | H1782 | H17821 | H1713 | H170 | H1701 | H17819 | H1711 | H1702 | H1710 | H17812 | H33051 | H3305 | H33029 | H33041 | H33053 | H33031 | H3301 | H33019 | H33033 | H33059 | H3303 | H33013 | H33012 | H33049 | H33003 | H33002 | H33042 | H33039 | H33043 | H33052 | H33023 | H3300 | H33011 | H33001 | H3302 | H33022 | H330 | H3304 | H33009 | H33032 | H33021 | H34213 | H34822 | H34219 | H35041 | H348312 | H3423 | H348390 | H3505 | H348110 | H348132 | H35059 | H34839 | H3509 | H34211 | H3411 | H35061 | H34812 | H348330 | H34231 | H35042 | H35013 | H35011 | H35012 | H348131 | H35063 | H3402 | G453 | H34212 | H348311 | H348331 | H35079 | H348130 | H342 | H348122 | H348332 | H3483 | H3504 | H34832 | H35072 | H3410 | H34811 | H348322 | H3412 | H348392 | H348120 | H3501 | H3413 | H348191 | H35043 | H34829 | H34233 | H35052 | H34819 | H348321 | H3403 | H348391 | H35073 | H349 | H3482 | H35062 | H34823 | H34833 | H34239 | H34232 | H348320 | H348121 | H34821 | H348111 | H3400 | H340 | H348190 | H348310 | H35049 | H35051 | H3481 | H34 | H3506 | H34831 | H348 | H34813 | H341 | H35053 | H348192 | H35069 | H3421 | H35071 | H348112 | H3401 | H35019 | H44441 | H4442 | H44432 | H44449 | H44433 | H4441 | H44423 | H4444 | H44431 | H4443 | H44443 | H44442 | H44411 | H44421 | H44511 | H44419 | H444 | H44512 | H44429 | H44439 | H44413 | H44519 | H44422 | H4451 | H44412 | H4440 | H44513 | H35353 | H35351 | H35341 | H35359 | H3534 | H35349 | H3535 | H35342 | H35343 | H35352 | H35 | H359 | H3589 | H3123 | H31121 | H311 | H31113 | H3129 | H3121 | H3120 | H3110 | H31102 | H31103 | H3112 | H312 | H31123 | H31101 | H31119 | H31112 | H31111 | H3533 | H31129 | H31122 | H3122 | H31109 , H401 | H401132 | H401123 | H401133 | H40119 | H4011 | H401130 | H401193 | H401131 | H401110 | H401112 | H401121 | H401192 | H401134 | H401111 | H401190 | H40112 | H40111 | H40113 | H401191 | H401113 | H401120 | H401194 | H401114 | H401124 | H401122 , 360 | 3602 | 36020 | 36021 | 36023 | 36024 | 36029 | 3603 | 36030 | 36031 | 36032 | 36033 | 36034 | 3604 | 36040 | 36041 | 36042 | 36043 | 36044 | 3608 | 36081 | 36089 | 3609 | 361 | 3610 | 36100 | 36101 | 36102 | 36103 | 36104 | 36105 | 36106 | 36107 | 3611 | 36110 | 36111 | 36112 | 36113 | 36114 | 36119 | 3612 | 3613 | 36130 | 36131 | 36132 | 36133 | 3618 | 36181 | 36189 | 3619 | 362 | 3621 | 36210 | 36211 | 36212 | 36213 | 36214 | 36215 | 36216 | 36217 | 36218 | 3622 | 36220 | 36221 | 36222 | 36223 | 36224 | 36225 | 36226 | 36227 | 36229 | 3623 | 36230 | 36231 | 36232 | 36233 | 36234 | 36235 | 36236 | 36237 | 3624 | 36240 | 36241 | 36242 | 36243 | 3625 | 36250 | 36251 | 36252 | 36253 | 36254 | 36255 | 36256 | 36257 | 3626 | 36260 | 36261 | 36262 | 36263 | 36264 | 36265 | 36266 | 3627 | 36270 | 36271 | 36272 | 36273 | 36274 | 36275 | 36276 | 36277 | 3628 | 36281 | 36282 | 36283 | 36284 | 36285 | 36289 | 3629 | 363 | 3633 | 36330 | 36331 | 36332 | 36333 | 36334 | 36335 | 3634 | 36340 | 36341 | 36342 | 36343 | 3635 | 36350 | 36351 | 36352 | 36353 | 36354 | 36355 | 36356 | 36357 | 3636 | 36361 | 36362 | 36363 | 3637 | 36370 | 36371 | 36372 | 3638 | 3639 | 365 | 3650 | 36500 | 36501 | 36502 | 36503 | 36504 | 36505 | 36506 | 3651 | 36510 | 36512 | 36513 | 36514 | 36515 | 3652 | 36520 | 36521 | 36522 | 36523 | 36524 | 3653 | 36531 | 36532 | 3654 | 36541 | 36542 | 36543 | 36544 | 3655 | 36551 | 36552 | 36559 | 3656 | 36560 | 36561 | 36562 | 36563 | 36564 | 36565 | 3657 | 36570 | 36571 | 36572 | 36573 | 36574 | 3658 | 36581 | 36582 | 36583 | 36589 | 3659 | 371 | 3710 | 37100 | 37101 | 37102 | 37103 | 37104 | 37105 | 3711 | 37110 | 37111 | 37112 | 37113 | 37114 | 37115 | 37116 | 3712 | 37120 | 37121 | 37122 | 37123 | 3713 | 37130 | 37131 | 37132 | 37133 | 3714 | 37140 | 37141 | 37142 | 37143 | 37144 | 37145 | 37146 | 37148 | 37149 | 3715 | 37150 | 37151 | 37152 | 37153 | 37154 | 37155 | 37156 | 37157 | 37158 | 3716 | 37160 | 37161 | 37162 | 3717 | 37170 | 37171 | 37172 | 37173 | 3718 | 37181 | 37182 | 37189 | 3719 | 37453 | V425 , 36511 
Primary Sj√∂gren syndrome,"", M350 ,"",""
Prolactinoma,"", D352 | E221 ,"",""
Psoriasis,"", L40 | L400 | L401 | L402 | L403 | L404 | L405 | L408 | L409 | L41 | L410 | L411 | L412 | L413 | L414 | L415 | L418 | L419 ,"", 696 | 6960 | 6961 | 6962 | 6963 | 6964 | 6965 | 6968 
Rheumatic heart disease,"", I020 | I01 | I010 | I011 | I012 | I018 | I019 | I05 | I050 | I051 | I052 | I058 | I059 | I06 | I060 | I061 | I062 | I068 | I069 | I07 | I070 | I071 | I072 | I078 | I079 | I08 | I080 | I081 | I082 | I083 | I088 | I089 | I09 | I090 | I091 | I092 | I098 | I099 ,"", 3920 | 391 | 3910 | 3911 | 3912 | 3918 | 3919 | 393 | 3939 | 394 | 3940 | 3941 | 3942 | 3949 | 395 | 3950 | 3951 | 3952 | 3959 | 396 | 3969 | 397 | 3970 | 3971 | 3979 | 398 | 3980 | 3989 
Rheumatoid arthritis,"", M05 | M050 | M0500 | M0501 | M0502 | M0503 | M0504 | M0505 | M0506 | M0507 | M0508 | M0509 | M051 | M0510 | M0511 | M0512 | M0513 | M0514 | M0515 | M0516 | M0517 | M0518 | M0519 | M052 | M0520 | M0521 | M0522 | M0523 | M0524 | M0525 | M0526 | M0527 | M0528 | M0529 | M053 | M0530 | M0531 | M0532 | M0533 | M0534 | M0535 | M0536 | M0537 | M0538 | M0539 | M058 | M0580 | M0581 | M0582 | M0583 | M0584 | M0585 | M0586 | M0587 | M0588 | M0589 | M059 | M08 | M080 | M0800 | M0801 | M0802 | M0803 | M0804 | M0805 | M0806 | M0807 | M0808 | M0809 | M081 | M0810 | M0811 | M0812 | M0813 | M0814 | M0815 | M0816 | M0817 | M0818 | M0819 | M082 | M0820 | M0821 | M0822 | M0823 | M0824 | M0825 | M0826 | M0827 | M0828 | M0829 | M083 | M0830 | M0831 | M0832 | M0833 | M0834 | M0835 | M0836 | M0837 | M0838 | M0839 | M084 | M0840 | M0841 | M0842 | M0843 | M0844 | M0845 | M0846 | M0847 | M0848 | M0849 | M088 | M0880 | M0881 | M0882 | M0883 | M0884 | M0885 | M0886 | M0887 | M0888 | M0889 | M089 | M0890 | M0891 | M0892 | M0893 | M0894 | M0895 | M0896 | M0897 | M0898 | M0899 | M09 | M090 | M0900 | M0901 | M0902 | M0903 | M0904 | M0905 | M0906 | M0907 | M0908 | M0909 | M091 | M0910 | M0911 | M0912 | M0913 | M0914 | M0915 | M0916 | M0917 | M0918 | M0919 | M092 | M0920 | M0921 | M0922 | M0923 | M0924 | M0925 | M0926 | M0927 | M0928 | M0929 | M098 ,"", 714 | 7140 | 71400 | 71401 | 71402 | 71403 | 71404 | 71405 | 71406 | 71407 | 71408 | 71409 | 7141 | 71410 | 71411 | 71412 | 71413 | 71414 | 71415 | 71416 | 71417 | 71418 | 71419 | 7142 | 71420 | 71421 | 71422 | 71423 | 71424 | 71425 | 71426 | 71427 | 71428 | 71429 | 7143 | 71430 | 71431 | 71432 | 71433 | 71434 | 71435 | 71436 | 71437 | 71438 | 71439 | 7144 | 71440 | 71441 | 71442 | 71443 | 71444 | 71445 | 71446 | 71447 | 71448 | 71449 | 7148 | 71480 | 71481 | 71482 | 71483 | 71484 | 71485 | 71486 | 71487 | 71488 | 71489 | 7149 
Romano-Ward syndrome,"", I458 ,"",""
Sarcoidosis,"", D860 | D861 | D869 | D862 | D863 | D868 ,"",""
Seborrhoeic dermatitis,"", L21 | L210 | L211 | L218 | L219 ,"", 690 | 6909 
Spina bifida aperta,"", Q058 | Q059 | Q050 | Q051 | Q052 | Q053 | Q054 | Q055 | Q056 | Q057 ,"",""
Stomach cancer,"", Z120 | C16 | C160 | C161 | C162 | C163 | C164 | C165 | C166 | C168 | C169 | Z8502 ,"", 20923 | V1004 | 151 | 1510 | 1511 | 1512 | 1513 | 1514 | 1515 | 1516 | 1518 | 1519 
Stroke (Stroke), G450 | G451 | G452 | G454 | G458 | G459 | G460 | G461 | G462 | G463 | G464 | G465 | G466 | G467 | G468 | I60 | I600 | I601 | I602 | I603 | I604 | I605 | I606 | I607 | I608 | I609 | I61 | I610 | I611 | I612 | I613 | I614 | I615 | I616 | I618 | I619 | I620 | I621 | I629 | I63 | I631 | I632 | I639 | I65 | I650 | I651 | I652 | I653 | I658 | I659 | I66 | I660 | I661 | I662 | I663 | I664 | I668 | I669 | I67 | I671 | I672 | I675 | I676 | I677 | I678 | I679 | I68 | I680 | I682 | I688 | I69 | I690 | I691 | I692 | I693 | I694 | I698 | S064 | I650 | I659 | I6523 | I65 | I6503 | I6501 | I652 | I6509 | I6521 | I658 | I6502 | I6529 | I651 | I6522 | I671 | I675 | I6782 | I678 | I6781 | I6789 | I661 | I6623 | I6621 | I668 | I663 | I676 | I6602 | I6603 | I6613 | I6612 | I6601 | I6611 | I669 | I660 | I662 | I6622 | I6609 | I63 | I6619 | I66 | I6629 | I6201 | I620 | I6200 | I6202 | I6203 | G459 | G462 | G450 | Z8673 | G460 | G461 | G452 | G458 | G451 | M4702 | I67841 | I67848 | G43611 | G43601 | G4361 | G43609 | G4360 | G43619 | G436 | I629 | I621 | I602 | I603 | I6032 | I608 | I6052 | I6012 | I6000 | I6002 | I605 | I6031 | I606 | I600 | I6030 | I607 | I6001 | I604 | I601 | I6010 | I6011 | I6050 | I609 | I6051 | I619 | I616 | I61 | I611 | I615 | I612 | I614 | I618 | I610 | I613 | I6302 | I63113 | I631 | I6312 | I6320 | I63032 | I63131 | I63213 | I63012 | I6322 | I63119 | I6321 | I63231 | I63011 | I63233 | I6311 | I63211 | I6301 | I63019 | I6319 | I63212 | I63232 | I6303 | I63239 | I63139 | I6300 | I63039 | I6310 | I63031 | I63111 | I6313 | I632 | I63112 | I6323 | I63219 | I63133 | I6309 | I6329 | I63132 | I672 | I69892 | I698 | I69069 | I69153 | I69269 | I6925 | I69313 | I69233 | I69162 | I69323 | I69293 | I69941 | I69292 | I69310 | I69214 | I69044 | I6981 | I69843 | I69921 | I69063 | I6920 | I69353 | I69113 | I69864 | I69354 | I69365 | I69042 | I69264 | I69391 | I6995 | I69190 | I69853 | I69021 | I69062 | I69314 | I69261 | I69123 | I69092 | I69963 | I69811 | I69231 | I69018 | I69322 | I6916 | I69193 | I69862 | I69212 | I69959 | I69861 | I69942 | I69319 | I69342 | I69992 | I6994 | I69239 | I6915 | I693 | I69118 | I6992 | I69814 | I69969 | I69041 | I69098 | I69228 | I6924 | I69132 | I69819 | I69253 | I69211 | I6929 | I69111 | I69059 | I690 | I69839 | I6900 | I69252 | I69090 | I69913 | I69965 | I69053 | I6980 | I6902 | I69832 | I6996 | I69869 | I69143 | I6985 | I69139 | I69144 | I69154 | I6903 | I69818 | I69223 | I69251 | I69151 | I69039 | I6984 | I69334 | I69369 | I69128 | I69054 | I6991 | I69010 | I69943 | I69931 | I69312 | I69934 | I69133 | I69859 | I69152 | I69244 | I69333 | I69221 | I69953 | I69243 | I69910 | I69328 | I69964 | I69120 | I69998 | I69262 | I6935 | I691 | I69364 | I69033 | I69164 | I69918 | I69914 | I69191 | I69823 | I6919 | I69815 | I69019 | I69949 | I69234 | I69842 | I69242 | I69390 | I69822 | I6906 | I69810 | I69961 | I69359 | I69013 | I69121 | I6910 | I6905 | I69962 | I6930 | I6999 | I69844 | I69393 | I6931 | I69331 | I69352 | I69991 | I69114 | I69064 | I69318 | I69043 | I69093 | I69891 | I69091 | I69011 | I69919 | I69159 | I69993 | I69320 | I6911 | I69912 | I69052 | I69263 | I69990 | I69110 | I69954 | I69831 | I69259 | I69012 | I69933 | I69119 | I699 | I69362 | I69213 | I69065 | I6982 | I6993 | I69915 | I6904 | I69351 | I69165 | I69332 | I69051 | I69363 | I69344 | I69161 | I6913 | I69852 | I69049 | I69115 | I6912 | I69321 | I69031 | I69932 | I69841 | I6936 | I69192 | I69022 | I69863 | I69020 | I69122 | I69061 | I6926 | I69149 | I6922 | I69198 | I69222 | I69854 | I6933 | I69023 | I6986 | I69349 | I6901 | I69898 | I69028 | I69014 | I69833 | I6939 | I69944 | I6990 | I69163 | I69341 | I69339 | I69 | I6934 | I69220 | I69922 | I69032 | I69343 | I69851 | I69361 | I69812 | I69820 | I69142 | I69232 | I69112 | I6989 | I69392 | I69015 | I6932 | I69131 | I69169 | I69219 | I69291 | I69241 | I69849 | I6983 | I69951 | I69215 | I69893 | I69813 | I69834 | I69939 | I69890 | I69911 | I69254 | I69249 | I6909 | I69928 | I69265 | I6914 | I6921 | I69398 | I69134 | I69952 | I69210 | I69311 | I69920 | I692 | I6923 | I69034 | I69821 | I69298 | I69923 | I69290 | I69218 | I69828 | I69141 | I69315 | I69865 | I68 | I682 | G463 | I688 | G468 | G454 | G467 | I677 | G466 | I679 | I680 | G464 | G465 , I630 | I633 | I634 | I635 | I636 | I638 | I64 | I63349 | I63431 | I63533 | I63423 | I63439 | I63333 | I63421 | I63313 | I63311 | I63522 | I6334 | I63422 | I63513 | I63529 | I63413 | I63342 | I6343 | I63412 | I6354 | I63341 | I63542 | I63441 | I63319 | I63539 | I635 | I6352 | I6332 | I6339 | I6331 | I63541 | I63523 | I63411 | I6349 | I63322 | I63443 | I634 | I638 | I63532 | I6344 | I63519 | I63339 | I63432 | I63449 | I63549 | I63433 | I6330 | I6340 | I63321 | I630 | I63442 | I63323 | I63531 | I63511 | I6351 | I63312 | I63331 | I63512 | I6342 | I6350 | I63332 | I6333 | I63521 | I63343 | I63543 | I6341 | I63419 | I639 | I6353 | I63329 | I633 | I63429 | I636 | I6359 , 3466 | 34660 | 34661 | 34662 | 34663 | 430 | 4300 | 431 | 4310 | 432 | 4320 | 4321 | 4329 | 433 | 4330 | 43300 | 43301 | 4331 | 43310 | 43311 | 4332 | 43320 | 43321 | 4333 | 43330 | 43331 | 4338 | 43380 | 43381 | 4339 | 43390 | 43391 | 434 | 4340 | 43400 | 4341 | 43410 | 4349 | 43490 | 435 | 4350 | 4351 | 4352 | 4353 | 4358 | 4359 | 436 | 437 | 4370 | 4371 | 4373 | 4374 | 4375 | 4376 | 4377 | 4378 | 4379 | 438 | 4380 | 4381 | 43810 | 43811 | 43812 | 43813 | 43814 | 43819 | 4382 | 43820 | 43821 | 43822 | 4383 | 43830 | 43831 | 43832 | 4384 | 43840 | 43841 | 43842 | 4385 | 43850 | 43851 | 43852 | 43853 | 4386 | 4387 | 4388 | 43881 | 43882 | 43883 | 43884 | 43885 | 43889 | 4389 | V1254 , 43401 | 43411 | 43491 
Systemic lupus erythematosus,"", M320 | M321 | M328 | M329 ,"",""
Thoracic aortic aneurysm and dissection (TAAD), I7100 | I7101 | I7102 | I7103 | I717 | I712 | I715 | I716 | I718 | I719 | Q231 , I7101 | I7103 | I711 | I712 | I715 | I716 , 441 | 44101 | 44102 | 44103 | 4414 | 4412 | 4415 | 4416 | 4417 | 4419 , 44101 | 44103 | 4411 | 4412 | 4416 | 4417 
Thyroid cancer (ThC), C74 | C740 | C741 | C749 | C75 | C750 | C751 | C752 | C753 | C754 | C755 | C758 | C759 | D34 | D350 | D351 | D352 | D353 | D354 | D355 | D356 | D357 | D358 | D359 | C74 | C7492 | C7401 | C75 | C752 | C750 | C7400 | C754 | C740 | C7411 | C7491 | C751 | C759 | C749 | C7490 | C741 | C7410 | C755 | C758 | C753 | C7412 | C7402 | Z85858 | D353 | D352 | D350 | D3502 | D3501 | D3500 | D34 | D351 | D357 | D359 | D356 | D354 | D355 , C73 | C73 | Z85850 , 194 | 1940 | 1941 | 1943 | 1944 | 1945 | 1946 | 1948 | 1949 | 226 | 227 | 2270 | 2271 | 2273 | 2274 | 2275 | 2276 | 2278 | 2279 | V1088 , 193 | V1087 
Type 2 diabetes, E10 | E12 | E13 , E11 | O241 , 249 | 250 , 25000 | 25002 | 25020 | 25022 | 25030 | 25032 | 25040 | 25042 | 25050 | 25052 | 25060 | 25062 | 25070 | 25072 | 25080 | 25082 | 25090 | 25092 
Urolithiasis,"", N20 | N200 | N201 | N202 | N209 | N21 | N210 | N211 | N218 | N219 | N22 | N220 | N228 | N23 ,"", 592 | 5920 | 5921 | 5929 | 594 | 5940 | 5941 | 5942 | 5948 | 5949 
Uterine cancer (UtC), C50 | C500 | C501 | C502 | C503 | C504 | C505 | C506 | C508 | C509 | C51 | C510 | C511 | C512 | C518 | C519 | C52 | C53 | C530 | C531 | C538 | C539 | C56 | C57 | C570 | C571 | C572 | C573 | C574 | C577 | C578 | C579 | C58 | D05 | D051 | D057 | D059 | D06 | D060 | D061 | D067 | D069 | D071 | D072 | D073 | D25 | D250 | D251 | D252 | D259 | D26 | D260 | D261 | D267 | D269 | D39 | D390 | D391 | D392 | D399 | D486 | N87 | N870 | N871 | N872 | N879 | N903 | Z853 | Z901 | Z853 | N87 | N870 | D060 | N879 | N871 | D06 | D061 | D067 | D069 | C5700 | C5722 | C5720 | C570 | C57 | C578 | C574 | C5702 | C571 | C5711 | C5721 | C5701 | C5710 | C5712 | C58 | C579 | C573 | C572 | C577 | C518 | D260 | D269 | D26 | D261 | D267 | N65 | N650 | N651 | D250 | D252 | D251 | D259 | D25 | D073 | D072 | D390 | D0739 | N903 | D398 | D071 | C511 | D392 | D0730 | C519 | D399 | C512 | C510 | C52 | D39 | C51 | D4861 | D4860 | D486 | D493 | D4862 | D0510 | D0590 | D0501 | D0502 | D051 | D0511 | D05 | D0580 | D0582 | D0592 | D050 | D0512 | D0591 | D058 | D059 | D0581 | D0500 | C53 | C539 | C530 | C538 | C531 | C50522 | C5082 | C50021 | C50421 | C50029 | C50822 | C50622 | C50121 | C50429 | C50321 | C50921 | C5042 | C50929 | C50222 | C5052 | C50122 | C5032 | C50422 | C50529 | C5092 | C50229 | C5062 | C5022 | C50821 | C50922 | C50322 | C50329 | C50629 | C5002 | C50521 | C50221 | C50621 | C50129 | C50829 | C5012 | C50022 | Z8544 | Z8540 | D3910 | Z8541 | D3911 | D3912 | D391 | Z8543 | C562 | C569 | C561 | C56 | C50211 | C50011 | C5051 | C50511 | C50919 | C5011 | C50811 | C50619 | C50119 | C50112 | C50411 | C50611 | C50219 | C50312 | C5061 | C50 | C50912 | C50519 | C50212 | C50812 | C50412 | C5021 | C50111 | C508 | C50319 | C50019 | C50311 | C5001 | C5041 | C50012 | C50512 | C5081 | C50819 | C50419 | C5091 | C50911 | C50612 | C5031 , C54 | C540 | C541 | C542 | C543 | C548 | C549 | C55 | D070 | C549 | D070 | C542 | C55 | C543 | C548 | C54 | C541 | C540 | Z8542 , 174 | 1740 | 1741 | 1742 | 1743 | 1744 | 1745 | 1746 | 1748 | 1749 | 175 | 1750 | 1759 | 180 | 1800 | 1801 | 1808 | 1809 | 181 | 183 | 1830 | 1832 | 1833 | 1834 | 1835 | 1838 | 1839 | 184 | 1840 | 1841 | 1842 | 1843 | 1844 | 1848 | 1849 | 218 | 2180 | 2181 | 2182 | 2189 | 219 | 2190 | 2191 | 2198 | 2199 | 233 | 2330 | 2331 | 2333 | 23330 | 23331 | 23332 | 23339 | 2360 | 2361 | 2362 | 2363 | 2383 | 2393 | 612 | 6120 | 6121 | 6221 | 62210 | 62211 | 62212 | V103 | V1040 | V1041 | V1043 | V1044 | V4571 | V510 , 179 | 182 | 1820 | 1821 | 1828 | 2332 | V1042 
Varicose Veins,"", I83 | I83 ,"", 454 | 4540 | 4541 | 4542 | 4548 | 4549 
Venous Thromboembolism (VTE), I81 | I820 | I800 | I803 | I808 | I809 | D68 , I801 | I802 | I822 | I260 | I269 , 452 | 4530 | 4510 | 45189 | 4519 | 286 , 45111 | 45340 | 4532 | 45377 | 45387 | 4151 
